,K! ID,Gender,Name,Email,Phone,Day 0,Day 1,Day 2,Day 3,Food,Cost,Payment ID
0,K2400325,male,KISHANTH  G N ,kishanthgn.22ece@kongu.edu,9994839486,No,Yes,Yes,No,No,500,4.04517E+11
1,K2400326,female,NAVEENA D,naveenad.22ece@kongu.edu,9361213080,No,Yes,Yes,No,No,500,4.04517E+11
2,K2400327,male,NIKASHINI K P,nikashinikp.22ece@kongu.edu,8072755226,No,Yes,Yes,No,No,500,4.04517E+11
3,K2400521,male,Mohamed Atheq,atheqatheq80@gmail.com,8111060660,No,Yes,Yes,No,No,500,4.0452E+11
4,K2400595,female,Ilakiya Thangavelu,ilakiyatk@gmail.com,9842822247,No,Yes,Yes,No,No,500,4.41122E+11
5,K2400596,male,Mathishree VG,mathishreegs@gmail.com,8056403174,No,Yes,Yes,No,No,500,4.0452E+11
6,K2400618,male,Mathan KR,mathankr.22ece@kongu.edu,8428422950,No,Yes,Yes,No,No,500,4.04518E+11
7,K2400620,female,Mensuba US,mensubaus.22ece@kongu.edu,9360601452,Yes,Yes,Yes,No,No,750,4.04517E+11
8,K2400637,female,Naveena A,naveenaa.22ece@kongu.edu,9500377314,No,Yes,Yes,No,No,500,4.04518E+11
9,K2400638,male,NAVINUDAYA S S,navinudayass.22ece@kongu.edu,9952252996,No,Yes,Yes,No,No,500,4.04519E+11
10,K2400735,male,Mahalakshmi Vetriselvan,vmaha016@gmail.com,8148929815,Yes,No,No,No,No,250,4.41328E+11
11,K2400737,female,Leenah Shireen  S R,leenahshireen25@gmail.com,9994422112,Yes,No,No,No,No,250,4.04856E+11
12,K2400738,female,Nishanthi S,nishanthi.sweety1408@gmail.com,6385775735,Yes,No,No,No,No,250,4.04788E+11
13,K2400740,female,Srinidhi  R,srinidhirad@gmail.com,9488034360,Yes,No,No,No,No,250,4.04755E+11
14,K2400797,male,Thanush S,thanushs.22ece@kongu.edu,6380093659,No,No,Yes,No,No,250,4.04449E+11
15,K2400808,male,Ranjith Kumar,ranjithkumarp.22aid@kongu.edu,8610679881,No,No,Yes,No,No,250,4.04449E+11
16,K2400829,male,Aswinram  K,aswinaa2004@gmail.com,9444279007,Yes,Yes,Yes,Yes,Yes,1600,4.0506E+11
17,K2400846,male,Naveen Kumar,naveenkumarsenthil18@gmail.com,6383434237,Yes,No,No,No,No,250,4.05195E+11
18,K2400850,male,Yuvaraghavan null,yuvarakhavanks.22ece@kongu.edu,9842332777,No,Yes,Yes,No,No,500,4.04874E+11
19,K2400865,male,Naveen Kumar K M,kmnaveenkumar2005@gmail.com,9943352401,No,Yes,Yes,No,Yes,800,4.0462E+11
20,K2400866,male,DANANJAN J,dananjan05kumar@gmail.com,9360624114,No,Yes,Yes,No,Yes,800,4.0462E+11
21,K2400908,male,Vigneshwaran P,vv83123@gmail.com,8608457193,No,Yes,Yes,No,Yes,800,4.0462E+11
22,K2400933,female,Niranchanaa V,niranchanaav23@gmail.com,9345597655,Yes,No,No,No,No,250,4.05349E+11
23,K2400934,female,Medha KV,medhakrishnakumar@gmail.com,8148032272,Yes,No,No,No,No,250,4.0512E+11
24,K2400945,female,Kaviyasri K,kaviyasrikvp@gmail.com,8778844621,Yes,Yes,Yes,Yes,Yes,1600,4.41602E+11
25,K2400954,female,THAAMINI  S,thaamini.pg.23.mba@francisxavier.ac.in,9865888990,No,Yes,Yes,No,No,500,4.41724E+11
26,K2400960,female,Pon Mahalakshmi,ponmahalakshmi.pg.23.mba@francisxavier.ac.in,9003361455,No,Yes,Yes,No,No,500,4.41748E+11
27,K2400961,female,Sherin J,sherinjohn3330@gmail.com,8870447918,No,Yes,Yes,No,No,500,4.05191E+11
28,K2400962,female,Mariammal  M,mariammal.pg.23.mba@francisxavier.ac.in,7010748095,No,Yes,Yes,No,No,500,4.05105E+11
29,K2400966,female,KAMALA ROHINI M ROHINI,kamala.pg.23.mba@francisxavier.ac.in,9500519621,No,Yes,Yes,No,No,500,4.42134E+11
30,K2400974,female,Swetha A,swetha.pg.23.mba@francisxavier.ac.in,6381429124,No,Yes,Yes,No,No,500,4.42113E+11
31,K2400990,female,Stephanie  Ebbie Aaron ,stephanie.pg.23.mba@francisxavier.ac.in,9384296880,No,Yes,Yes,No,No,500,4.42173E+11
32,K2401206,male,Sam  Raphael J,samraphael2005@gmail.com,9965546529,No,No,Yes,Yes,Yes,800,4.04818E+11
33,K2401465,female,Mugesh  S,smugesh012@gmail.com,8838997793,Yes,Yes,Yes,Yes,Yes,1600,4.05061E+11
34,K2401502,female,Jesslin Persis M,jesslin2324@gmail.com,6369897490,No,Yes,Yes,No,Yes,800,4.05134E+11
35,K2401503,male,Madhu  Mitha M,madhu6r@gmail.com,8754462661,No,Yes,Yes,No,Yes,800,4.05122E+11
36,K2401504,female,Hephzibah  Gladys J,hepzigladj@gmail.com,6383860758,No,Yes,Yes,No,Yes,800,4.05122E+11
37,K2401530,female,Lalithkumar M,lalithkumarm.22ece@kongu.edu,9025467488,Yes,Yes,No,No,No,500,4.05599E+11
38,K2401600,male,Deepak Raj K,deepakkuttiraj2003@gmail.com,8344589244,Yes,Yes,Yes,Yes,Yes,1600,4.05061E+11
39,K2401605,male,Karthik Vel,karthicksenthilvel74@gmail.com,9025485730,Yes,Yes,Yes,Yes,Yes,1600,4.05061E+11
40,K2401606,male,KISHORE S,skishore282003@gmail.com,9361757228,Yes,Yes,Yes,Yes,Yes,1600,4.0506E+11
41,K2401615,female,Malavika  Rajendran ,rr6885312@gmail.com,9159270224,Yes,Yes,Yes,Yes,Yes,1600,4.05054E+11
42,K2401623,female,ELAMATHI A,elamathimax@gmail.com,7200405166,Yes,Yes,Yes,Yes,Yes,1600,4.05061E+11
43,K2401696,female,Amirtha  N,amirtha1604@gmail.com,8667473230,Yes,No,No,No,No,250,4.41729E+11
44,K2401697,female,Keertana R,keerthukeertana28@gmail.com,9751413913,Yes,No,No,No,No,250,4.05363E+11
45,K2401699,female,Niketha Abigail T,niketha29abigail@gmail.com,7812841440,Yes,No,No,No,No,250,4.41776E+11
46,K2401766,female,Priyadharshini  M G,priyadharshinimg.22ece@kongu.edu,9965850900,No,Yes,No,No,No,250,4.05497E+11
47,K2401811,male,KANAKASALA  KUMARAN ,kanakasalakumaranvs.22eie@kongu.edu,9498812465,No,Yes,No,No,No,250,4.05244E+11
48,K2401846,male,Iniyan C M,iniyanstarzz@gmail.com,7010908944,No,Yes,No,No,No,250,4.05279E+11
49,K2401850,male,Barath E M,baarath1702@gmail.com,9500240590,No,Yes,No,No,No,250,4.41847E+11
50,K2401942,female,vasanthasurya senthilkumar,vasanthasuryasenthilkumar@gmail.com,9025115221,No,Yes,Yes,No,No,500,4.05332E+11
51,K2401947,female,VAISHNAVA DEVI  S,vaishnavadevis.20civil@kongu.edu,9361479667,No,Yes,Yes,No,No,500,4.05333E+11
52,K2401948,female,Susmitha T,susmithat.20civil@kongu.edu,9514364064,No,Yes,No,No,No,250,4.05352E+11
53,K2401952,male,Sanjana R,Sanjanar.20civil@kongu.edu,9943306162,No,Yes,Yes,No,No,500,4.05447E+11
54,K2401953,male,Thanishk V,thanishkv.20civil@kongu.edu,9487611535,No,Yes,Yes,No,No,500,4.0531E+11
55,K2401994,male,Magudeshwaran K,magudesh2006@gmail.com,8838492241,Yes,Yes,No,No,Yes,800,4.4206E+11
56,K2402042,female,Hemanth S,hemanthsubramani123@gmail.com,9944465179,Yes,Yes,No,No,Yes,800,4.42075E+11
57,K2402080,female,Nithila Shri R P,21l133@psgitech.ac.in,9342353554,No,Yes,Yes,No,Yes,800,4.05344E+11
58,K2402108,female,JENITA KAMALI,jenitaasir.jk@gmail.com,7200902440,No,No,Yes,Yes,Yes,800,4.05499E+11
59,K2402109,male,AKSHAYA SWETHA S,sakshayaswetha@gmail.com,9363637236,No,No,Yes,Yes,Yes,800,4.05499E+11
60,K2402180,female,Kisanth R,kisanthkrish215@gmail.com,9566888020,No,Yes,Yes,No,Yes,800,4.41933E+11
61,K2402181,male,KEPZIBA A,kepzi123@gmail.com,6382494342,No,Yes,Yes,No,Yes,800,4.05355E+11
62,K2402182,female,AKSHAY S,aky2k408@gmail.com,9791395424,No,Yes,Yes,No,Yes,800,4.41994E+11
63,K2402183,female,ABARNA J,abarnajeeva13@gmail.com,6374566325,No,Yes,Yes,No,Yes,800,4.41934E+11
64,K2402184,female,CHARUBALA A,abicharu567@gmail.com,9698930805,No,Yes,Yes,No,Yes,800,4.41911E+11
65,K2402185,female,BAVITHRAN  K,bavirosi@gmail.com,8110889550,No,Yes,Yes,No,Yes,800,4.41972E+11
66,K2402186,male,krishnaveni R,pvrveni@gmail.com,6381943635,No,Yes,Yes,No,Yes,800,4.41935E+11
67,K2402187,male,Celsi Jaya Sreejha P,celsiprathip@gmail.com,7305272819,No,Yes,Yes,No,Yes,800,4.41912E+11
68,K2402199,male,PRAVEEN  P,praveen161942@gmail.com,6374383590,No,Yes,No,No,No,250,4.05345E+11
69,K2402226,female,JANARTHANAN S,janapandian875@gmail.com,9994203222,No,Yes,Yes,No,Yes,800,4.05358E+11
70,K2402271,female,Subhashree M,subhashreemurugan2004@gmail.com,8248682628,Yes,No,No,No,No,250,4.05363E+11
71,K2402298,female,RUCHITA  A,ruchiarun17@gmail.com,7010953792,No,Yes,No,No,No,250,4.05345E+11
72,K2402322,female,Nethra S,nethrasakthivel03@gmail.com,8072329199,Yes,No,No,No,No,250,4.05482E+11
73,K2402348,male,GIRIJA  K,girijak7138@gmail.com,9629227138,No,Yes,Yes,No,Yes,800,4.05345E+11
74,K2402350,female,HILTAN N,hiltantoni334@gmail.com,6374069428,No,Yes,Yes,No,Yes,800,4.05345E+11
75,K2402388,female,Rakcitha N,rakcithanallashivam@gmail.com,9176013882,Yes,No,No,No,No,250,4.42035E+11
76,K2402456,male,Preethi  K S,preethiks.22ece@kongu.edu,9486187639,No,Yes,No,No,No,250,4.42124E+11
77,K2402471,female,Balaji  S,rajabalaji156@gmail.com,7708055843,Yes,Yes,No,No,No,500,4.05449E+11
78,K2402479,female,Kavyanjali G,21e126@psgitech.ac.in,9894638978,No,Yes,Yes,No,Yes,800,4.05346E+11
79,K2402578,female,Abirami Ramakrishnan ,abiramiramakrishnan3@gmail.com,6382917441,Yes,Yes,No,No,Yes,800,4.42038E+11
80,K2402579,female,Varsha M,varshajk271@gmail.com,7010313855,Yes,Yes,No,No,Yes,800,4.05463E+11
81,K2402645,female,Devaharini  KR,devaharini92@gmail.com,6381677454,No,Yes,Yes,Yes,No,750,4.05591E+11
82,K2402688,male,Murali Dharan ,muralipanther07ff@gmail.com,8072560619,Yes,Yes,No,No,No,500,4.05497E+11
83,K2402759,male,TAMILARASAN R,rt7218383@gmail.com,6374457180,No,No,Yes,No,Yes,400,4.05479E+11
84,K2402771,female,SOUNDHARYA S,sri032626@gmail.com,9629405237,No,No,Yes,No,Yes,400,4.05481E+11
85,K2402787,male,SREEVATHSAN K G,2k21csbs50@kiot.ac.in,9944080566,No,Yes,Yes,Yes,No,800,4.05599E+11
86,K2402803,female,HEMALATHA S,2k22ece032@kiot.ac.in,6383436179,No,Yes,Yes,Yes,No,800,4.05599E+11
87,K2402793,female,DARSINI C M,2k21csbs11@kiot.ac.in,8870075612,No,Yes,Yes,Yes,No,800,4.05599E+11
88,K2402465,female,Nibin sellaraj R J,nsellaraj@gmail.com,8610361489,Yes,Yes,No,No,No,500,4.05498E+11
89,K2402569,male,Hari Haran S,hariharan8438431@gmail.com,8438431462,Yes,Yes,No,No,Yes,800,4.05513E+11
90,K2402639,male,Hari prasath P,prakashkalamani0963@gmail.com,9384439305,Yes,Yes,No,No,Yes,800,4.05505E+11
91,K2402687,male,Nandhakumar,banunaveen16460@gmail.com,9344376224,Yes,Yes,No,No,Yes,800,4.05452E+11
92,K2402417,male,SivaSankar S,sivasankar.s1379@gmail.com,8526500883,Yes,Yes,No,No,Yes,800,4.05505E+11
93,K2400184,male,Venthan,venthans36@gmail.com,7339252324,No,No,No,Yes,No,250,4.05512E+11
